Variable,VIF
lnPGDP,97.8680824470411
lnPGDP²,111.667559311132
产业结构,1.14253934430795
ln人口,1.99845364714567
ln电力,6.37665111590473
